openapi_master_id,execute_time,s_count,f_count,loaded,execute_date
1,1323,7,0,2019-05-03 13:23:24.441,20190502
1,1324,7,0,2019-05-03 13:24:26.894,20190502
1,1325,7,0,2019-05-03 13:25:26.887,20190502
1,1326,7,0,2019-05-03 13:26:26.886,20190502
1,1327,7,0,2019-05-03 13:27:26.889,20190502
1,1328,7,0,2019-05-03 13:28:29.344,20190502
1,1329,7,0,2019-05-03 13:29:41.974,20190502
1,1330,7,0,2019-05-03 13:30:26.856,20190502
1,1331,7,0,2019-05-03 13:31:26.971,20190502
1,1332,7,0,2019-05-03 13:32:26.938,20190502
1,1333,7,0,2019-05-03 13:33:29.435,20190502
1,1334,7,0,2019-05-03 13:34:44.333,20190502
1,1335,7,0,2019-05-03 13:35:29.333,20190502
1,1336,7,0,2019-05-03 13:36:26.857,20190502
1,1337,7,0,2019-05-03 13:37:24.402,20190502
1,1338,7,0,2019-05-03 13:38:41.882,20190502
1,1339,7,0,2019-05-03 13:39:29.333,20190502
1,1340,7,0,2019-05-03 13:40:31.983,20190502
1,1341,7,0,2019-05-03 13:41:21.888,20190502
1,1342,7,0,2019-05-03 13:42:26.909,20190502
1,1344,7,0,2019-05-03 13:44:29.35,20190502
1,1345,7,0,2019-05-03 13:45:24.45,20190502
1,1346,7,0,2019-05-03 13:46:39.466,20190502
1,1347,7,0,2019-05-03 13:47:26.891,20190502
1,1348,7,0,2019-05-03 13:48:29.439,20190502
1,1349,7,0,2019-05-03 13:49:26.871,20190502
1,1350,7,0,2019-05-03 13:50:26.898,20190502
1,1351,7,0,2019-05-03 13:51:24.413,20190502
1,1352,7,0,2019-05-03 13:53:11.85,20190502
1,1354,7,0,2019-05-03 13:54:26.995,20190502
1,1355,7,0,2019-05-03 13:55:44.417,20190502
1,1356,7,0,2019-05-03 13:56:24.398,20190502
1,1357,7,0,2019-05-03 13:57:29.501,20190502
1,1358,7,0,2019-05-03 13:58:19.454,20190502
1,1359,7,0,2019-05-03 13:59:26.989,20190502
1,1400,7,0,2019-05-03 14:00:29.346,20190502
1,1401,7,0,2019-05-03 14:01:29.363,20190502
1,1402,7,0,2019-05-03 14:02:44.346,20190502
1,1403,7,0,2019-05-03 14:03:26.985,20190502
1,1404,7,0,2019-05-03 14:04:29.334,20190502
1,1405,7,0,2019-05-03 14:05:22.009,20190502
1,1406,7,0,2019-05-03 14:07:38.283,20190502
1,1408,7,0,2019-05-03 14:08:29.328,20190502
1,1409,7,0,2019-05-03 14:09:29.43,20190502
1,1410,7,0,2019-05-03 14:10:27.301,20190502
1,1411,7,0,2019-05-03 14:11:27.242,20190502
1,1412,7,0,2019-05-03 14:12:27.231,20190502
1,1413,7,0,2019-05-03 14:13:27.352,20190502
1,1414,7,0,2019-05-03 14:14:19.463,20190502
1,1415,7,0,2019-05-03 14:16:07.494,20190502
1,1417,7,0,2019-05-03 14:17:24.399,20190502
1,1418,7,0,2019-05-03 14:18:29.398,20190502
1,1419,7,0,2019-05-03 14:19:19.386,20190502
1,1420,7,0,2019-05-03 14:20:24.401,20190502
1,1421,7,0,2019-05-03 14:21:12.56,20190502
1,1422,7,0,2019-05-03 14:22:29.337,20190502
1,1423,7,0,2019-05-03 14:23:44.448,20190502
1,1424,7,0,2019-05-03 14:24:27.515,20190502
1,1425,7,0,2019-05-03 14:25:27.505,20190502
1,1426,7,0,2019-05-03 14:26:29.326,20190502
1,1427,7,0,2019-05-03 14:27:19.391,20190502
1,1429,7,0,2019-05-03 14:29:27.628,20190502
1,1430,7,0,2019-05-03 14:30:27.596,20190502
1,1431,7,0,2019-05-03 14:31:44.345,20190502
1,1432,7,0,2019-05-03 14:32:27.486,20190502
1,1433,7,0,2019-05-03 14:33:27.59,20190502
1,1434,7,0,2019-05-03 14:34:27.513,20190502
1,1435,7,0,2019-05-03 14:35:27.521,20190502
1,1436,7,0,2019-05-03 14:36:42.526,20190502
1,1437,7,0,2019-05-03 14:37:27.528,20190502
1,1438,7,0,2019-05-03 14:38:29.496,20190502
1,1439,7,0,2019-05-03 14:39:24.43,20190502
1,1440,7,0,2019-05-03 14:40:24.503,20190502
1,1441,7,0,2019-05-03 14:41:27.512,20190502
1,1442,7,0,2019-05-03 14:42:27.513,20190502
1,1443,7,0,2019-05-03 14:43:27.567,20190502
1,1444,7,0,2019-05-03 14:44:44.324,20190502
1,1445,7,0,2019-05-03 14:45:27.551,20190502
1,1446,7,0,2019-05-03 14:46:29.419,20190502
1,1447,7,0,2019-05-03 14:47:27.523,20190502
1,1448,7,0,2019-05-03 14:48:24.529,20190502
1,1449,7,0,2019-05-03 14:49:44.359,20190502
1,1450,7,0,2019-05-03 14:50:29.455,20190502
1,1451,7,0,2019-05-03 14:51:29.467,20190502
1,1452,7,0,2019-05-03 14:52:27.587,20190502
1,1453,7,0,2019-05-03 14:53:44.434,20190502
1,1454,7,0,2019-05-03 14:54:29.453,20190502
1,1455,7,0,2019-05-03 14:55:19.376,20190502
1,1456,7,0,2019-05-03 14:56:24.404,20190502
1,1457,7,0,2019-05-03 14:57:27.542,20190502
1,1458,7,0,2019-05-03 14:58:27.63,20190502
1,1459,7,0,2019-05-03 14:59:27.612,20190502
1,1500,7,0,2019-05-03 15:00:27.579,20190502
1,1501,7,0,2019-05-03 15:01:29.341,20190502
1,1502,7,0,2019-05-03 15:02:42.545,20190502
1,1503,7,0,2019-05-03 15:03:29.448,20190502
1,1504,7,0,2019-05-03 15:04:27.609,20190502
1,1505,7,0,2019-05-03 15:05:24.401,20190502
1,1506,7,0,2019-05-03 15:06:44.326,20190502
1,1507,7,0,2019-05-03 15:07:27.564,20190502
